Computer Systems Analyst II,2 Briar Crest Court,Richmond,23285,8044735644,Virginia,1980-12-06
Business Systems Development Analyst,084 Barnett Place,Sioux Falls,57193,6054660261,South Dakota,1964-02-22
Structural Engineer,85628 Havey Circle,Philadelphia,19115,2157238223,Pennsylvania,1996-12-10
Nuclear Power Engineer,093 Lillian Alley,Houston,77040,7133218855,Texas,1958-09-07
Assistant Professor,417 Dorton Alley,Atlanta,31132,4047698750,Georgia,1996-12-21
Recruiter,4286 Glendale Crossing,San Francisco,94137,4158624269,California,1985-04-21
Sales Associate,22 Michigan Terrace,Riverside,92505,9096085408,California,1968-09-04
Actuary,0111 Logan Hill,Houston,77281,7136121300,Texas,1953-06-27
Database Administrator I,254 Oak Valley Alley,Alexandria,22313,5718757728,Virginia,1983-01-18
Analog Circuit Design manager,711 Elka Lane,San Antonio,78205,2107703726,Texas,1965-06-13
Systems Administrator II,75 Washington Place,Austin,78703,5124293747,Texas,1996-12-26
Automation Specialist IV,2 Continental Pass,Pittsburgh,15286,4125960497,Pennsylvania,1976-04-19
Marketing Manager,0539 Sachs Pass,Tucson,85748,5203600981,Arizona,1961-06-25
Safety Technician I,6224 Stang Court,Jackson,39216,6011865207,Mississippi,1997-04-26
Administrative Assistant II,0 Nevada Court,San Antonio,78230,8301974875,Texas,1975-09-25
General Manager,55 American Ash Alley,San Francisco,94137,4153854410,California,1982-10-18
Registered Nurse,682 Charing Cross Way,Salt Lake City,84170,8019746638,Utah,1994-05-13
Registered Nurse,83 Nancy Plaza,Boston,02114,7816547048,Massachusetts,1970-07-08
Financial Analyst,30 Red Cloud Plaza,Louisville,40225,5029146246,Kentucky,1994-09-02
GIS Technical Architect,88 Parkside Way,Knoxville,37939,8659401703,Tennessee,1989-11-06
Internal Auditor,697 Sauthoff Hill,Denver,80270,3036585094,Colorado,1958-03-13
Executive Secretary,54273 Shoshone Drive,Washington,20456,2023776271,District of Columbia,1959-01-26
Geologist III,8 Cherokee Terrace,Atlanta,31190,4041867869,Georgia,1998-05-18
Quality Control Specialist,01 Nevada Trail,Baton Rouge,70810,2257613083,Louisiana,1958-10-24
Account Executive,32632 Haas Court,Biloxi,39534,2285223899,Mississippi,1973-07-09
Editor,980 Killdeer Junction,Orange,92867,7147516967,California,1962-11-29
Physical Therapy Assistant,5 Roxbury Circle,Cumming,30130,7067109190,Georgia,1959-01-22
Assistant Manager,9900 Farmco Terrace,Torrance,90510,8186594451,California,1998-09-01
Statistician I,873 Charing Cross Place,Cincinnati,45223,5138425629,Ohio,1986-03-20
Executive Secretary,8 Lotheville Court,Abilene,79699,3251754761,Texas,1955-04-10
Electrical Engineer,3916 Old Shore Circle,Indianapolis,46266,3175114048,Indiana,1958-03-19
Electrical Engineer,49472 Nobel Drive,Saint Louis,63180,3144567538,Missouri,1999-07-05
Quality Engineer,168 Schmedeman Avenue,Sacramento,95852,9169408294,California,1979-11-24
Quality Control Specialist,13 Victoria Drive,Washington,20430,2024876005,District of Columbia,1959-12-09
Biostatistician II,6 Reinke Parkway,Savannah,31422,9125966154,Georgia,1987-01-01
Librarian,4876 Goodland Circle,Sacramento,95838,9163583256,California,1957-10-18
Geological Engineer,2 Rusk Avenue,Columbus,43240,7409532434,Ohio,1963-11-20
Recruiter,62 Crescent Oaks Crossing,Lynchburg,24503,4348897987,Virginia,1966-10-31
Occupational Therapist,54 Susan Park,Indianapolis,46231,3174318109,Indiana,1984-01-02
Recruiting Manager,05190 Union Center,Oklahoma City,73157,4051010071,Oklahoma,1974-01-31
Information Systems Manager,7746 Eagan Trail,Albuquerque,87140,5052868159,New Mexico,1980-07-29
Mechanical Systems Engineer,5694 Meadow Valley Crossing,Washington,20220,2023224042,District of Columbia,1986-07-03
Account Executive,5617 Fairview Street,Saint Petersburg,33705,8136910573,Florida,1966-10-30
Librarian,17 Nova Circle,Anaheim,92805,5629665044,California,1959-01-24
Legal Assistant,8831 Holmberg Center,Denver,80223,7206256917,Colorado,1965-08-15
Human Resources Manager,20 Milwaukee Plaza,New York City,10045,3474489481,New York,1994-10-31
Nurse,9039 Laurel Avenue,Houston,77245,7136940241,Texas,1978-02-04
Teacher,506 Roth Alley,Springfield,62764,2179908473,Illinois,1991-12-06
Human Resources Manager,7 Holmberg Terrace,San Francisco,94121,8585355032,California,1975-03-31
VP Quality Control,48538 Kipling Plaza,Athens,30610,7064445284,Georgia,1956-12-08
Physical Therapy Assistant,6018 Old Shore Circle,Chattanooga,37416,4238465028,Tennessee,1967-05-03
Geological Engineer,51 Raven Point,Peoria,85383,9284020091,Arizona,1966-03-01
Administrative Assistant I,9 Briar Crest Court,Lexington,40591,8596659999,Kentucky,1952-12-06
Registered Nurse,24842 Straubel Avenue,Dayton,45454,9378875927,Ohio,1996-01-28
Community Outreach Specialist,50839 Golf Parkway,Jackson,39296,6015647428,Mississippi,1961-09-23
Accounting Assistant IV,962 Lien Alley,Sacramento,94286,9168363275,California,1960-08-20
Assistant Manager,58122 Atwood Way,Kalamazoo,49006,2693227554,Michigan,1964-05-24
Occupational Therapist,09 Dayton Hill,Tallahassee,32304,8504644333,Florida,1989-05-06
Registered Nurse,53 Sugar Terrace,Houston,77020,2812876182,Texas,1999-03-12
Executive Secretary,7231 Little Fleur Park,Saint Paul,55146,6517264936,Minnesota,1987-07-17
Community Outreach Specialist,6 Warbler Park,Colorado Springs,80930,7195655940,Colorado,1979-01-28
Systems Administrator I,148 Armistice Place,Oakland,94627,5105155452,California,1985-03-16
Payment Adjustment Coordinator,278 Dakota Park,Orlando,32859,4079358499,Florida,1976-12-06
Systems Administrator III,55 Lake View Way,Boston,02163,8571964046,Massachusetts,1967-12-10
Research Nurse,0520 Cordelia Point,Oklahoma City,73119,4054641760,Oklahoma,1989-04-22
Information Systems Manager,05749 Grayhawk Circle,Jamaica,11407,5161454194,New York,1996-12-17
Analyst Programmer,9195 Gateway Court,Honolulu,96840,8081433548,Hawaii,1965-11-29
Statistician IV,4 Harbort Hill,Lancaster,93584,6613627505,California,1979-01-24
Marketing Assistant,83 Calypso Court,Bronx,10464,9179228044,New York,1985-01-24
Marketing Manager,65470 Huxley Terrace,Crawfordsville,47937,7654437729,Indiana,1990-10-06
Account Representative IV,4 Fuller Trail,Salt Lake City,84170,8015007948,Utah,1988-07-16
Compensation Analyst,6375 Sullivan Court,El Paso,79984,9156724979,Texas,1982-01-07
Editor,11701 Northwestern Road,College Station,77844,9795408186,Texas,1984-12-15
Occupational Therapist,97 Magdeline Parkway,Huntington,25775,3049565841,West Virginia,1979-01-13
Software Engineer I,53 Pearson Way,New York City,10029,9172107971,New York,1973-06-27
Senior Editor,68280 Texas Way,Oklahoma City,73190,4051566186,Oklahoma,1957-12-09
Administrative Officer,0920 Prairieview Parkway,Baltimore,21216,4103286014,Maryland,1981-04-16
Accountant III,179 Carpenter Plaza,Milwaukee,53220,4146606294,Wisconsin,1955-05-28
Web Developer III,15 Briar Crest Plaza,Richmond,23289,8041526339,Virginia,1967-10-20
Sales Associate,8 Corry Center,Lake Charles,70607,3374842682,Louisiana,1978-10-26
Senior Cost Accountant,006 Bunker Hill Way,Arlington,22205,5711857149,Virginia,1970-03-12
Registered Nurse,675 Schiller Alley,Lakeland,33811,8631466231,Florida,1985-05-02
VP Sales,798 Arrowood Way,Newark,07104,9739882034,New Jersey,1953-02-19
Health Coach IV,67 Banding Junction,Albuquerque,87190,5059904348,New Mexico,1980-12-07
Legal Assistant,58029 Arrowood Crossing,Dallas,75241,9723893693,Texas,1992-02-02
Senior Financial Analyst,345 Nevada Trail,San Antonio,78220,2104410415,Texas,1986-10-08
Sales Representative,89 Novick Parkway,Philadelphia,19172,2151427816,Pennsylvania,1976-09-19
Accounting Assistant IV,2696 Lake View Plaza,San Diego,92170,6198576631,California,1985-02-24
Internal Auditor,9 Esch Parkway,Bradenton,34205,9415584888,Florida,1958-07-15
Research Assistant II,01 Valley Edge Alley,Midland,79705,4329196470,Texas,1982-07-01
Administrative Assistant I,4 Sutherland Point,Washington,20238,2024089833,District of Columbia,1983-06-22
Dental Hygienist,16 Swallow Junction,Buffalo,14269,7164726996,New York,1980-03-28
Speech Pathologist,9 Hintze Parkway,Atlanta,30375,4043210244,Georgia,1953-01-04
Analog Circuit Design manager,2 Melvin Point,Pittsburgh,15220,4129413104,Pennsylvania,1979-05-25
Automation Specialist III,0331 Fremont Junction,Arlington,22225,5719092917,Virginia,1978-03-24
Research Associate,3 Hazelcrest Trail,Las Vegas,89150,7027394849,Nevada,1984-10-29
Junior Executive,719 Arrowood Lane,Washington,20392,2027016082,District of Columbia,1978-03-22
Marketing Assistant,433 Miller Pass,Springfield,62711,2177358768,Illinois,1982-08-01
Human Resources Assistant III,57 Dapin Pass,Boulder,80305,7209064727,Colorado,1973-11-27
VP Sales,57 Carpenter Trail,Jacksonville,32225,9043268479,Florida,1952-08-25
